{
  "images" : [
    {
      "extent" : "full-screen",
      "filename" : "LaunchImage-1242@3x~iphoneXsMax-portrait_1242x2688.png",
      "idiom" : "iphone",
      "minimum-system-version" : "12.0",
      "orientation" : "portrait",
      "scale" : "3x",
      "subtype" : "2688h"
    },
    {
      "extent" : "full-screen",
      "idiom" : "iphone",
      "minimum-system-version" : "12.0",
      "orientation" : "landscape",
      "scale" : "3x",
      "subtype" : "2688h"
    },
    {
      "extent" : "full-screen",
      "filename" : "LaunchImage-828@2x~iphoneXr-portrait_828x1792.png",
      "idiom" : "iphone",
      "minimum-system-version" : "12.0",
      "orientation" : "portrait",
      "scale" : "2x",
      "subtype" : "1792h"
    },
    {
      "extent" : "full-screen",
      "idiom" : "iphone",
      "minimum-system-version" : "12.0",
      "orientation" : "landscape",
      "scale" : "2x",
      "subtype" : "1792h"
    },
    {
      "extent" : "full-screen",
      "filename" : "LaunchImage-1125@3x~iphoneX-portrait_1125x2436.png",
      "idiom" : "iphone",
      "minimum-system-version" : "11.0",
      "orientation" : "portrait",
      "scale" : "3x",
      "subtype" : "2436h"
    },
    {
      "extent" : "full-screen",
      "idiom" : "iphone",
      "minimum-system-version" : "11.0",
      "orientation" : "landscape",
      "scale" : "3x",
      "subtype" : "2436h"
    },
    {
      "extent" : "full-screen",
      "filename" : "LaunchImage-1242@3x~iphone6s-portrait_1242x2208.png",
      "idiom" : "iphone",
      "minimum-system-version" : "8.0",
      "orientation" : "portrait",
      "scale" : "3x",
      "subtype" : "736h"
    },
    {
      "extent" : "full-screen",
      "idiom" : "iphone",
      "minimum-system-version" : "8.0",
      "orientation" : "landscape",
      "scale" : "3x",
      "subtype" : "736h"
    },
    {
      "extent" : "full-screen",
      "filename" : "LaunchImage-750@2x~iphone6-portrait_750x1334.png",
      "idiom" : "iphone",
      "minimum-system-version" : "8.0",
      "orientation" : "portrait",
      "scale" : "2x",
      "subtype" : "667h"
    },
    {
      "extent" : "full-screen",
      "filename" : "LaunchImage~iphone_640x960.png",
      "idiom" : "iphone",
      "minimum-system-version" : "7.0",
      "orientation" : "portrait",
      "scale" : "2x"
    },
    {
      "extent" : "full-screen",
      "filename" : "LaunchImage-568h@2x~iphone_640x1136.png",
      "idiom" : "iphone",
      "minimum-system-version" : "7.0",
      "orientation" : "portrait",
      "scale" : "2x",
      "subtype" : "retina4"
    },
    {
      "extent" : "full-screen",
      "filename" : "LaunchImage-Portrait~ipad_768x1024.png",
      "idiom" : "ipad",
      "minimum-system-version" : "7.0",
      "orientation" : "portrait",
      "scale" : "1x"
    },
    {
      "extent" : "full-screen",
      "idiom" : "ipad",
      "minimum-system-version" : "7.0",
      "orientation" : "landscape",
      "scale" : "1x"
    },
    {
      "extent" : "full-screen",
      "filename" : "LaunchImage-Portrait@2x~ipad_1536x2048.png",
      "idiom" : "ipad",
      "minimum-system-version" : "7.0",
      "orientation" : "portrait",
      "scale" : "2x"
    },
    {
      "extent" : "full-screen",
      "idiom" : "ipad",
      "minimum-system-version" : "7.0",
      "orientation" : "landscape",
      "scale" : "2x"
    },
    {
      "extent" : "full-screen",
      "filename" : "LaunchImage~iphone-320x480.png",
      "idiom" : "iphone",
      "orientation" : "portrait",
      "scale" : "1x"
    },
    {
      "extent" : "full-screen",
      "filename" : "LaunchImage~iphone_640x960-1.png",
      "idiom" : "iphone",
      "orientation" : "portrait",
      "scale" : "2x"
    },
    {
      "extent" : "full-screen",
      "filename" : "LaunchImage-568h@2x~iphone_640x1136-1.png",
      "idiom" : "iphone",
      "orientation" : "portrait",
      "scale" : "2x",
      "subtype" : "retina4"
    },
    {
      "extent" : "to-status-bar",
      "idiom" : "ipad",
      "orientation" : "portrait",
      "scale" : "1x"
    },
    {
      "extent" : "full-screen",
      "filename" : "LaunchImage-Portrait~ipad_768x1024-1.png",
      "idiom" : "ipad",
      "orientation" : "portrait",
      "scale" : "1x"
    },
    {
      "extent" : "to-status-bar",
      "idiom" : "ipad",
      "orientation" : "landscape",
      "scale" : "1x"
    },
    {
      "extent" : "full-screen",
      "idiom" : "ipad",
      "orientation" : "landscape",
      "scale" : "1x"
    },
    {
      "extent" : "to-status-bar",
      "filename" : "LaunchImage-Portrait@2x~ipad_1536x2008.png",
      "idiom" : "ipad",
      "orientation" : "portrait",
      "scale" : "2x"
    },
    {
      "extent" : "full-screen",
      "filename" : "LaunchImage-Portrait@2x~ipad_1536x2048-1.png",
      "idiom" : "ipad",
      "orientation" : "portrait",
      "scale" : "2x"
    },
    {
      "extent" : "to-status-bar",
      "idiom" : "ipad",
      "orientation" : "landscape",
      "scale" : "2x"
    },
    {
      "extent" : "full-screen",
      "idiom" : "ipad",
      "orientation" : "landscape",
      "scale" : "2x"
    }
  ],
  "info" : {
    "author" : "xcode",
    "version" : 1
  }
}
