{
  "prepare_queue": {
    "installed": [],
    "uninstalled": []
  },
  "config_munge": {
    "files": {
      "config.xml": {
        "parents": {
          "/*": [
            {
              "xml": "<feature name=\"Notification\"><param name=\"ios-package\" value=\"CDVNotification\" /></feature>",
              "count": 1
            },
            {
              "xml": "<feature name=\"Vibration\"><param name=\"ios-package\" value=\"CDVVibration\" /></feature>",
              "count": 1
            },
            {
              "xml": "<feature name=\"Device\"><param name=\"ios-package\" value=\"CDVDevice\" /></feature>",
              "count": 1
            },
            {
              "xml": "<feature name=\"Badge\"><param name=\"ios-package\" value=\"APPBadge\" /></feature>",
              "count": 1
            },
            {
              "xml": "<feature name=\"LocalNotification\"><param name=\"ios-package\" onload=\"true\" value=\"APPLocalNotification\" /><param name=\"onload\" value=\"true\" /></feature>",
              "count": 1
            },
            {
              "xml": "<feature name=\"CDVWKWebViewFileXhr\"><param name=\"ios-package\" value=\"CDVWKWebViewFileXhr\" /><param name=\"onload\" value=\"true\" /></feature>",
              "count": 1
            }
          ]
        }
      }
    }
  },
  "installed_plugins": {
    "cordova-plugin-whitelist": {
      "PACKAGE_NAME": "com.embodiedsocialcognition"
    },
    "cordova-plugin-dialogs": {
      "PACKAGE_NAME": "com.embodiedsocialcognition"
    },
    "cordova-plugin-splashscreen": {
      "PACKAGE_NAME": "com.embodiedsocialcognition"
    },
    "cordova-plugin-vibration": {
      "PACKAGE_NAME": "com.embodiedsocialcognition"
    },
    "cordova-plugin-device": {
      "PACKAGE_NAME": "com.embodiedsocialcognition"
    },
    "cordova-plugin-badge": {
      "PACKAGE_NAME": "com.embodiedsocialcognition"
    },
    "cordova-plugin-local-notification": {
      "PACKAGE_NAME": "com.embodiedsocialcognition"
    },
    "cordova-plugin-wkwebview-file-xhr": {
      "PACKAGE_NAME": "com.embodiedsocialcognition"
    }
  },
  "dependent_plugins": {},
  "modules": [
    {
      "id": "cordova-plugin-dialogs.notification",
      "file": "plugins/cordova-plugin-dialogs/www/notification.js",
      "pluginId": "cordova-plugin-dialogs",
      "merges": [
        "navigator.notification"
      ]
    },
    {
      "id": "cordova-plugin-vibration.notification",
      "file": "plugins/cordova-plugin-vibration/www/vibration.js",
      "pluginId": "cordova-plugin-vibration",
      "merges": [
        "navigator"
      ]
    },
    {
      "id": "cordova-plugin-device.device",
      "file": "plugins/cordova-plugin-device/www/device.js",
      "pluginId": "cordova-plugin-device",
      "clobbers": [
        "device"
      ]
    },
    {
      "id": "cordova-plugin-badge.Badge",
      "file": "plugins/cordova-plugin-badge/www/badge.js",
      "pluginId": "cordova-plugin-badge",
      "clobbers": [
        "cordova.plugins.notification.badge"
      ]
    },
    {
      "id": "cordova-plugin-local-notification.LocalNotification",
      "file": "plugins/cordova-plugin-local-notification/www/local-notification.js",
      "pluginId": "cordova-plugin-local-notification",
      "clobbers": [
        "cordova.plugins.notification.local"
      ]
    },
    {
      "id": "cordova-plugin-wkwebview-file-xhr.formdata-polyfill",
      "file": "plugins/cordova-plugin-wkwebview-file-xhr/src/www/ios/formdata-polyfill.js",
      "pluginId": "cordova-plugin-wkwebview-file-xhr",
      "runs": true
    },
    {
      "id": "cordova-plugin-wkwebview-file-xhr.xhr-polyfill",
      "file": "plugins/cordova-plugin-wkwebview-file-xhr/src/www/ios/xhr-polyfill.js",
      "pluginId": "cordova-plugin-wkwebview-file-xhr",
      "runs": true
    },
    {
      "id": "cordova-plugin-wkwebview-file-xhr.fetch-bootstrap",
      "file": "plugins/cordova-plugin-wkwebview-file-xhr/src/www/ios/fetch-bootstrap.js",
      "pluginId": "cordova-plugin-wkwebview-file-xhr",
      "runs": true
    },
    {
      "id": "cordova-plugin-wkwebview-file-xhr.fetch-polyfill",
      "file": "plugins/cordova-plugin-wkwebview-file-xhr/src/www/ios/whatwg-fetch-2.0.3.js",
      "pluginId": "cordova-plugin-wkwebview-file-xhr",
      "runs": true
    }
  ],
  "plugin_metadata": {
    "cordova-plugin-whitelist": "1.3.4",
    "cordova-plugin-dialogs": "2.0.2",
    "cordova-plugin-splashscreen": "6.0.0",
    "cordova-plugin-vibration": "3.1.1",
    "cordova-plugin-device": "2.0.3",
    "cordova-plugin-badge": "0.8.8",
    "cordova-plugin-local-notification": "0.9.0-beta.3",
    "cordova-plugin-wkwebview-file-xhr": "3.0.0"
  }
}
